-- Test 계정
INSERT INTO member (id, name, password, email, nickname, role, created_at, updated_at, deleted_at) values
    (1, 'master', '$2a$10$5cHyp1KkG9tr.lPJm4qesO0onrOFE1JlqDoI3dnGjuLmc4gpyEEHy', 'master@naver.com', 'master', 'ADMIN', now(), null, null)
;

INSERT INTO team (id, name, created_at, updated_at, deleted_at) values
    (1, '타이거즈', now(), null, null),
    (2, '다이노스', now(), null, null),
    (3, '라이온즈', now(), null, null),
    (4, '베어스', now(), null, null),
    (5, '트윈스', now(), null, null),
    (6, '랜더스', now(), null, null),
    (7, '히어로즈', now(), null, null),
    (8, '위즈', now(), null, null),
    (9, '이글스', now(), null, null),
    (10, '자이언츠', now(), null, null)
;

INSERT INTO place (id, name, created_at, updated_at, deleted_at) values
    (1, '광주기아챔피언스필드', now(), null, null),
    (2, '창원엔씨파크', now(), null, null),
    (3, '삼성라이온즈볼파크', now(), null, null),
    (4, '서울종합운동장야구장', now(), null, null),
    (5, '인천쓱랜더스필드', now(), null, null),
    (6, '고척스카이돔', now(), null, null),
    (7, '수원케이티위즈파크', now(), null, null),
    (8, '대전한화생명이글스파크', now(), null, null),
    (9, '사직야구장', now(), null, null)
;

INSERT INTO grade (id, place_id, name, created_at, updated_at, deleted_at) values
    (1, 1, '챔피언석', now(), null, null),
    (2, 1, '중앙테이블석', now(), null, null),
    (3, 1, '장애인지원석', now(), null, null),
    (4, 1, 'K9', now(), null, null),
    (5, 1, 'K8', now(), null, null),
    (6, 1, 'K5', now(), null, null),
    (7, 1, '서프라이즈석', now(), null, null),
    (8, 1, '타이거즈가족석', now(), null, null),
    (9, 1, '휠체어석', now(), null, null),
    (10, 1, '4층파티석', now(), null, null),
    (11, 1, '스카이박스', now(), null, null),
    (12, 1, '스카이피크닉석', now(), null, null),
    (13, 1, 'K3', now(), null, null),
    (14, 1, '외야석', now(), null, null),
    (15, 1, '에코다이나믹스가족석', now(), null, null),
    (16, 2, '내야석', now(), null, null),
    (17, 2, '테이블석', now(), null, null),
    (18, 2, '라운드테이블석', now(), null, null),
    (19, 2, '외야잔디석', now(), null, null),
    (20, 2, '외야석', now(), null, null),
    (21, 2, '3-4층외야석', now(), null, null),
    (22, 2, '미니테이블석', now(), null, null),
    (23, 2, '가족석', now(), null, null),
    (24, 2, 'ABL생명프리미엄석', now(), null, null),
    (25, 2, '불펜가족석', now(), null, null),
    (26, 2, 'ABL생명프리미엄테이블석', now(), null, null),
    (27, 2, '스카이박스', now(), null, null),
    (28, 2, '휠체어석', now(), null, null),
    (29, 2, '불펜석', now(), null, null),
    (30, 2, '포크밸리바베큐석', now(), null, null),
    (31, 2, '피크닉테이블석', now(), null, null),
    (32, 3, 'SKY요기보존', now(), null, null),
    (33, 3, 'SKY지정석', now(), null, null),
    (34, 3, 'SKY자유석', now(), null, null),
    (35, 3, '스윗박스', now(), null, null),
    (36, 3, '파티플로어석', now(), null, null),
    (37, 3, 'VIP석', now(), null, null),
    (38, 3, '으뜸병원중앙테이블석', now(), null, null),
    (39, 3, '지브로존', now(), null, null),
    (40, 3, '대구는지브로존', now(), null, null),
    (41, 3, '3루익사이팅석', now(), null, null),
    (42, 3, '1루익사이팅석', now(), null, null),
    (43, 3, '블루존', now(), null, null),
    (44, 3, '원정응원석', now(), null, null),
    (45, 3, '1루내야지정석', now(), null, null),
    (46, 3, '3루내야지정석', now(), null, null),
    (47, 3, '잔디석', now(), null, null),
    (48, 3, '장애인석', now(), null, null),
    (49, 3, '외야패밀리석', now(), null, null),
    (50, 3, '외야테이블석', now(), null, null),
    (51, 3, '외야지정석', now(), null, null),
    (52, 3, '외야미니테이블석', now(), null, null),
    (53, 3, '땅땅치킨루프탑', now(), null, null),
    (54, 4, '중앙석(프리미엄석)', now(), null, null),
    (55, 4, '테이블석', now(), null, null),
    (56, 4, '익사이팅존', now(), null, null),
    (57, 4, '블루지정석', now(), null, null),
    (58, 4, '오렌지지정석', now(), null, null),
    (59, 4, '레드지정석', now(), null, null),
    (60, 4, '네이비지정석', now(), null, null),
    (61, 4, '외야일반석', now(), null, null),
    (62, 5, '4층일반석', now(), null, null),
    (63, 5, '외야일반석', now(), null, null),
    (64, 5, '내야일반석', now(), null, null),
    (65, 5, '몰리스그린존', now(), null, null),
    (66, 5, '응원지정석', now(), null, null),
    (67, 5, '의자지정석', now(), null, null),
    (68, 5, '초가정자', now(), null, null),
    (69, 5, '로케트배터리외야파티덱', now(), null, null),
    (70, 5, 'SKY탁자석', now(), null, null),
    (71, 5, '홈런커플존', now(), null, null),
    (72, 5, '외야패밀리존', now(), null, null),
    (73, 5, '이마트프랜들리존', now(), null, null),
    (74, 5, '이마트바비큐존', now(), null, null),
    (75, 5, '트레이더스OPEN바비큐존', now(), null, null),
    (76, 5, '내야패밀리존', now(), null, null),
    (77, 5, '노브랜드테이블석', now(), null, null),
    (78, 5, '피코크테이블석', now(), null, null),
    (79, 5, '랜더스라이브존', now(), null, null),
    (80, 5, '맘키즈미니스카이박스', now(), null, null),
    (81, 5, '스카이박스', now(), null, null),
    (82, 5, '휠체어장애인석', now(), null, null),
    (83, 5, '최정400홈런기념존', now(), null, null),
    (84, 6, '로얄다이아몬드클럽', now(), null, null),
    (85, 6, '1층테이블석', now(), null, null),
    (86, 6, '2층테이블석', now(), null, null),
    (87, 6, '내야커플석', now(), null, null),
    (88, 6, '외야커플석', now(), null, null),
    (89, 6, '다크버건디석', now(), null, null),
    (90, 6, '버건디석', now(), null, null),
    (91, 6, '3층지정석', now(), null, null),
    (92, 6, '4층지정석', now(), null, null),
    (93, 6, '휠체어석', now(), null, null),
    (94, 6, '외야지정석', now(), null, null),
    (95, 6, '외야패밀리석', now(), null, null),
    (96, 6, '외야유아동반석', now(), null, null),
    (97, 7, '응원지정석', now(), null, null),
    (98, 7, '지니존', now(), null, null),
    (99, 7, 'KT알파쇼핑석', now(), null, null),
    (100, 7, '티빙테이블석', now(), null, null),
    (101, 7, '중앙지정석', now(), null, null),
    (102, 7, '휠체어석', now(), null, null),
    (103, 7, 'Y박스석', now(), null, null),
    (104, 7, '외야잔디자유석', now(), null, null),
    (105, 7, '지니TV석', now(), null, null),
    (106, 7, '스카이존(5층)', now(), null, null),
    (107, 7, '스카이박스(4층)', now(), null, null),
    (108, 7, '키즈랜드캠핑존', now(), null, null),
    (109, 7, '하이파이브존/익사이팅석', now(), null, null),
    (110, 8, '내야탁자석', now(), null, null),
    (111, 8, '내야지정석(1층)', now(), null, null),
    (112, 8, '익사이팅존', now(), null, null),
    (113, 8, '익사이팅커플석(2인)', now(), null, null),
    (114, 8, 'VIP커플석(2인)', now(), null, null),
    (115, 8, '덕아웃지정석', now(), null, null),
    (116, 8, '내야하단탁자석', now(), null, null),
    (117, 8, '내야지정석', now(), null, null),
    (118, 8, '내야커플석(2인)', now(), null, null),
    (119, 8, '외야지정석', now(), null, null),
    (120, 8, '불펜지정석', now(), null, null),
    (121, 8, '외야라운지석', now(), null, null),
    (122, 8, '내야지정석(2층)', now(), null, null),
    (123, 8, '라이브플러스존', now(), null, null),
    (124, 8, '라이브플러스TV존', now(), null, null),
    (125, 8, '중앙탁자석', now(), null, null),
    (126, 8, '중앙탁자석A', now(), null, null),
    (127, 8, '미니박스', now(), null, null),
    (128, 8, '중앙가족석(5인)', now(), null, null),
    (129, 8, '한화생명스카이박스', now(), null, null),
    (130, 8, '응원단석', now(), null, null),
    (131, 8, '외야커플석', now(), null, null),
    (132, 8, '1루잔디석', now(), null, null),
    (133, 8, '필드박스', now(), null, null),
    (134, 8, '스테이인터뷰존(6인)', now(), null, null),
    (135, 9, '그라운드석', now(), null, null),
    (136, 9, '중앙탁자석', now(), null, null),
    (137, 9, '와이드탁자석', now(), null, null),
    (138, 9, '응원탁자석', now(), null, null),
    (139, 9, '내야탁자석', now(), null, null),
    (140, 9, '3루단체석', now(), null, null),
    (141, 9, '로케트배터리존', now(), null, null),
    (142, 9, '롯데이노베이트존', now(), null, null),
    (143, 9, '내야필드석', now(), null, null),
    (144, 9, '내야상단석', now(), null, null),
    (145, 9, '중앙상단석', now(), null, null),
    (146, 9, '외야석', now(), null, null),
    (147, 9, '휠체어석', now(), null, null)
;
